<?xml version="1.0" encoding="utf-8"?>
<GenerationOutput xmlns:xsi="http://www.w3.org/2001/XMLSchema-instance" xmlns:xsd="http://www.w3.org/2001/XMLSchema">
  <Totals>
    <Generator>
      <Name>Wind[Offshore]</Name>
      <Total>1662.617445705</Total>
    </Generator>
    <Generator>
      <Name>Wind[Onshore]</Name>
      <Total>4869.453917394</Total>
    </Generator>
    <Generator>
      <Name>Gas[1]</Name>
      <Total>8512.254605520</Total>
    </Generator>
    <Generator>
      <Name>Coal[1]</Name>
      <Total>5341.716526632</Total>
    </Generator>
  </Totals>
  <MaxEmissionGenerators>
    <Day>
      <Name>Coal[1]</Name>
      <Date>2017-01-01T05:30:00+05:30</Date>
      <Emission>137.175004008</Emission>
    </Day>
    <Day>
      <Name>Coal[1]</Name>
      <Date>2017-01-02T05:30:00+05:30</Date>
      <Emission>136.440767624</Emission>
    </Day>
    <Day>
      <Name>Gas[1]</Name>
      <Date>2017-01-03T05:30:00+05:30</Date>
      <Emission>5.132380700</Emission>
    </Day>
  </MaxEmissionGenerators>
  <ActualHeatRates>
    <ActualHeatRate>
      <Name>Coal[1]</Name>
      <HeatRate>1</HeatRate>
    </ActualHeatRate>
  </ActualHeatRates>
</GenerationOutput>